id,first_name,last_name
1,liam,smith
2,zoe,brown
3,noah,taylor
4,liam,jones
5,leo,singh
6,ava,smith
7,liam,brown
8,noah,smith
9,ada,brown
10,ada,singh
11,noah,nguyen
12,leo,wilson
13,ava,taylor
14,ivy,chen
15,zoe,taylor
16,noah,chen
17,liam,jones
18,ivy,jones
19,eli,chen
20,leo,wilson
21,ava,nguyen
22,ada,jones
23,ivy,jones
24,ada,wilson
25,leo,chen
26,leo,brown
27,liam,smith
28,noah,wilson
29,liam,brown
30,liam,singh
31,zoe,nguyen
32,eli,taylor
33,eli,chen
34,noah,wilson
35,liam,taylor
36,ada,brown
37,mia,nguyen
38,ivy,wilson
39,ada,brown
40,eli,smith
41,noah,smith
42,eli,singh
43,zoe,jones
44,noah,chen
45,noah,nguyen
46,ivy,nguyen
47,mia,wilson
48,mia,brown
49,ada,wilson
50,leo,singh
51,leo,singh
52,eli,brown
53,mia,nguyen
54,liam,smith
55,liam,taylor
56,mia,singh
57,leo,jones
58,ivy,singh
59,leo,nguyen
60,ada,wilson
61,ada,smith
62,liam,wilson
63,eli,jones
64,zoe,singh
65,mia,nguyen
66,ava,wilson
67,ada,taylor
68,ada,jones
69,zoe,brown
70,mia,chen
71,mia,smith
72,leo,chen
73,max,smith
74,liam,chen
75,zoe,brown
76,ava,brown
77,leo,jones
78,liam,nguyen
79,liam,taylor
80,mia,nguyen
81,ada,taylor
82,zoe,singh
83,noah,brown
84,zoe,singh
85,eli,nguyen
86,ada,nguyen
87,liam,brown
88,noah,jones
89,eli,smith
90,leo,brown
91,leo,brown
92,ava,jones
93,ava,brown
94,liam,smith
95,eli,jones
96,ada,brown
97,zoe,nguyen
98,noah,taylor
99,leo,nguyen
100,noah,nguyen
