id,user_id,order_date,status
1,25,2025-07-13,completed
2,85,2025-02-22,shipped
3,55,2025-06-14,shipped
4,94,2025-08-16,completed
5,84,2025-12-09,placed
6,8,2025-02-23,shipped
7,14,2025-06-06,completed
8,25,2025-04-15,returned
9,18,2025-08-06,shipped
10,36,2025-04-10,shipped
11,10,2025-05-16,shipped
12,13,2025-10-02,completed
13,70,2025-11-26,completed
14,97,2025-02-20,completed
15,53,2025-03-02,shipped
16,28,2025-08-23,shipped
17,22,2025-01-03,shipped
18,50,2025-01-02,completed
19,37,2025-08-09,shipped
20,94,2025-12-21,returned
21,92,2025-11-03,shipped
22,25,2025-03-24,completed
23,8,2025-04-28,returned
24,8,2025-09-26,placed
25,8,2025-06-21,completed
26,62,2025-10-20,returned
27,21,2025-09-20,completed
28,11,2025-09-09,completed
29,77,2025-02-08,completed
30,31,2025-12-10,shipped
31,73,2025-02-06,completed
32,77,2025-10-17,completed
33,11,2025-11-10,shipped
34,75,2025-11-01,returned
35,41,2025-09-16,completed
36,86,2025-04-21,placed
37,31,2025-06-21,completed
38,17,2025-07-07,placed
39,39,2025-11-23,shipped
40,97,2025-06-22,completed
41,59,2025-01-05,returned
42,13,2025-10-09,completed
43,28,2025-09-24,returned
44,17,2025-05-24,completed
45,32,2025-02-08,completed
46,21,2025-05-06,shipped
47,91,2025-09-27,completed
48,84,2025-11-06,returned
49,86,2025-01-05,returned
50,85,2025-05-14,completed
51,34,2025-03-13,completed
52,96,2025-02-27,returned
53,35,2025-03-24,completed
54,27,2025-10-02,placed
55,27,2025-06-08,placed
56,34,2025-11-17,returned
57,33,2025-09-27,completed
58,82,2025-02-20,shipped
59,6,2025-05-02,completed
60,99,2025-06-03,completed
61,34,2025-11-19,completed
62,71,2025-08-03,placed
63,72,2025-08-23,completed
64,10,2025-02-02,placed
65,70,2025-03-21,completed
66,75,2025-07-22,returned
67,56,2025-03-20,completed
68,40,2025-01-22,completed
69,46,2025-01-21,completed
70,32,2025-12-14,placed
71,46,2025-02-25,returned
72,80,2025-07-13,placed
73,31,2025-03-24,completed
74,53,2025-03-07,completed
75,95,2025-03-08,completed
76,86,2025-07-15,placed
77,35,2025-05-16,completed
78,14,2025-12-24,shipped
79,61,2025-01-20,completed
80,59,2025-04-19,completed
81,30,2025-06-17,completed
82,85,2025-01-13,completed
83,43,2025-07-09,completed
84,99,2025-02-08,completed
85,83,2025-06-12,returned
86,87,2025-07-09,returned
87,4,2025-06-02,completed
88,23,2025-05-22,returned
89,5,2025-05-24,completed
90,56,2025-10-26,completed
91,56,2025-06-21,returned
92,15,2025-09-10,shipped
93,25,2025-10-16,completed
94,91,2025-01-23,shipped
95,67,2025-01-01,returned
96,93,2025-12-16,placed
97,26,2025-12-08,completed
98,9,2025-08-25,placed
99,80,2025-06-02,completed
100,16,2025-11-04,placed
101,65,2025-05-14,completed
102,53,2025-12-06,completed
103,90,2025-07-11,completed
104,17,2025-10-04,completed
105,86,2025-07-20,shipped
106,96,2025-12-11,completed
107,73,2025-11-08,completed
108,71,2025-07-12,completed
109,37,2025-06-16,completed
110,75,2025-08-25,returned
111,42,2025-11-28,shipped
112,57,2025-08-03,placed
113,66,2025-04-26,shipped
114,85,2025-03-03,completed
115,66,2025-05-06,placed
116,80,2025-11-17,completed
117,97,2025-02-20,completed
118,40,2025-12-09,completed
119,19,2025-04-18,completed
120,32,2025-01-24,shipped
121,99,2025-11-05,completed
122,54,2025-08-10,placed
123,25,2025-10-15,placed
124,50,2025-12-21,shipped
125,32,2025-07-09,completed
126,89,2025-11-28,completed
127,100,2025-02-27,shipped
128,23,2025-04-01,placed
129,60,2025-09-14,completed
130,32,2025-10-06,completed
131,18,2025-08-10,shipped
132,68,2025-12-06,returned
133,41,2025-10-25,shipped
134,93,2025-11-06,returned
135,71,2025-08-23,shipped
136,96,2025-03-26,shipped
137,34,2025-08-07,completed
138,36,2025-11-19,returned
139,81,2025-09-25,completed
140,57,2025-05-01,completed
141,31,2025-05-07,completed
142,41,2025-06-04,returned
143,18,2025-02-14,completed
144,50,2025-04-07,placed
145,91,2025-03-23,completed
146,54,2025-02-05,shipped
147,70,2025-06-02,shipped
148,8,2025-07-17,completed
149,50,2025-07-20,returned
150,3,2025-12-21,returned
151,62,2025-07-27,completed
152,39,2025-06-13,shipped
153,69,2025-07-19,placed
154,78,2025-10-28,completed
155,29,2025-09-26,completed
156,63,2025-08-28,completed
157,44,2025-07-04,placed
158,52,2025-12-12,placed
159,60,2025-03-01,completed
160,69,2025-11-11,completed
161,76,2025-07-06,returned
162,4,2025-11-04,completed
163,55,2025-11-22,completed
164,24,2025-08-13,completed
165,49,2025-05-22,completed
166,59,2025-04-25,completed
167,98,2025-06-05,shipped
168,97,2025-05-03,shipped
169,11,2025-05-18,shipped
170,96,2025-01-10,returned
171,45,2025-01-27,completed
172,9,2025-11-25,placed
173,97,2025-01-21,completed
174,26,2025-05-15,completed
175,20,2025-11-11,completed
176,61,2025-03-09,placed
177,73,2025-02-03,completed
178,90,2025-08-15,completed
179,22,2025-07-21,returned
180,96,2025-11-03,placed
181,100,2025-02-03,completed
182,14,2025-06-20,returned
183,40,2025-01-14,returned
184,49,2025-12-11,shipped
185,10,2025-04-18,returned
186,81,2025-12-18,completed
187,90,2025-02-25,completed
188,77,2025-12-15,completed
189,6,2025-10-10,completed
190,55,2025-09-21,placed
191,9,2025-07-22,returned
192,44,2025-11-24,completed
193,63,2025-07-20,completed
194,47,2025-08-26,placed
195,91,2025-08-12,completed
196,23,2025-08-27,placed
197,84,2025-09-16,completed
198,69,2025-11-08,shipped
199,56,2025-08-15,placed
200,35,2025-10-24,completed
201,12,2025-05-14,completed
202,32,2025-08-07,shipped
203,79,2025-10-12,placed
204,44,2025-07-27,completed
205,42,2025-09-02,completed
206,28,2025-09-26,completed
207,44,2025-05-21,completed
208,90,2025-10-26,completed
209,2,2025-10-05,returned
210,11,2025-04-14,completed
211,63,2025-07-13,returned
212,89,2025-04-12,shipped
213,92,2025-11-23,shipped
214,3,2025-08-06,completed
215,29,2025-05-11,shipped
216,32,2025-12-19,completed
217,75,2025-11-04,completed
218,71,2025-08-19,returned
219,55,2025-06-09,placed
220,43,2025-10-02,completed
221,59,2025-12-24,completed
222,33,2025-06-17,completed
223,93,2025-02-06,completed
224,16,2025-06-22,placed
225,98,2025-09-23,placed
226,25,2025-04-11,completed
227,36,2025-08-24,placed
228,98,2025-10-22,returned
229,37,2025-10-26,completed
230,38,2025-04-16,completed
231,23,2025-06-17,completed
232,91,2025-01-08,returned
233,36,2025-03-09,completed
234,71,2025-01-28,completed
235,17,2025-12-22,placed
236,14,2025-09-28,completed
237,37,2025-10-14,shipped
238,57,2025-08-22,completed
239,7,2025-04-11,completed
240,15,2025-08-21,completed
241,63,2025-07-10,completed
242,81,2025-10-16,placed
243,20,2025-01-28,completed
244,39,2025-10-09,completed
245,16,2025-05-16,returned
246,78,2025-07-18,returned
247,29,2025-11-09,returned
248,58,2025-07-27,shipped
249,76,2025-05-13,shipped
250,73,2025-06-17,returned
251,79,2025-01-03,placed
252,98,2025-02-23,completed
253,28,2025-11-13,completed
254,11,2025-11-03,completed
255,23,2025-04-11,returned
256,21,2025-02-11,completed
257,58,2025-07-14,placed
258,61,2025-10-25,completed
259,30,2025-01-17,completed
260,37,2025-12-26,placed
261,10,2025-08-09,placed
262,34,2025-04-08,placed
263,85,2025-10-22,completed
264,15,2025-08-22,returned
265,83,2025-04-04,completed
266,19,2025-05-25,completed
267,22,2025-01-03,completed
268,96,2025-10-25,returned
269,57,2025-05-08,completed
270,89,2025-08-16,completed
271,52,2025-12-23,completed
272,70,2025-09-05,shipped
273,11,2025-08-01,returned
274,56,2025-01-21,placed
275,78,2025-06-26,completed
276,12,2025-01-14,completed
277,74,2025-12-10,returned
278,98,2025-01-11,placed
279,74,2025-05-26,completed
280,61,2025-03-06,returned
281,57,2025-11-26,completed
282,75,2025-03-09,shipped
283,63,2025-11-18,completed
284,45,2025-08-17,shipped
285,42,2025-06-03,placed
286,21,2025-02-26,completed
287,89,2025-07-15,shipped
288,85,2025-05-08,shipped
289,5,2025-10-02,shipped
290,41,2025-02-18,completed
291,15,2025-06-26,shipped
292,1,2025-09-12,placed
293,60,2025-09-26,shipped
294,25,2025-01-28,returned
295,80,2025-06-18,shipped
296,57,2025-11-13,completed
297,35,2025-04-21,returned
298,37,2025-03-12,shipped
299,63,2025-12-22,completed
300,81,2025-01-15,returned
